patient_id,password_plain,password_md5
P00001,4a!g1V9nKufN,4cf16332333a5ccf489df052c4e3376a
P00002,#N9pkSlgGQjq,5250e23853174b5793a2af93c07b6bf6
P00003,jhOxNA3vF2kq,91af5511a00f5f97d15351cfa4c942cb
P00004,SW7w9CCn!jpq,0593406cbaf2449d17fe778fd7a72bd5
P00005,QBMHRrBRh5AE,c063a51ba1a372955f44db84ea48cf70
P00006,6kNGTwtfC@3d,8291460ebd83e09a1c302dbfd4fc88be
P00007,Zqwjsz3zqC65,81eae94611ab0a4d3ef21a16102e6973
P00008,6No%nQQ6xi!N,a69303e35cc5c8aae84726bf99174a65
P00009,3isMIJnAAvrg,c1bfdd77220ca4ee2bd9483e318b6e74
P00010,rP%9DWLEs8aY,677c6e2db0c3a8538c65a2115172f657
P00011,74@SwaXvpg9v,ff5d0b72fad13947a5838092c84168f3
P00012,no1N#oWYVCzx,8f0be984aa4cfeccd70a0ddbae0201d2
P00013,Sika9gRxwoXS,46f0c0cb98ebcb1225bb1ffdf66bdf6a
P00014,tLxI$p%Um1W3,f5862d7affd00cef24576381c0534ee5
P00015,L#MiUNV0YyHz,26d38460474604d129b9c0392045b1f8
P00016,DqX8GLnNT!!b,b7d7bf5d73e3855ba3e3ae12a8227b13
P00017,25vugKc3RB6o,ee3f6ce9820922b67e573e16d11a8ac8
P00018,ookBW9COu5Fi,659a741db722543a56cc3edeae49df11
P00019,h@a%T8jOFRQ%,feba8e01a485490b9988dcf8dbd037fa
P00020,ZFA2mZR!YrDV,19c65e3159bf080c599e8dc931e898cf
P00021,pI4%vn#GqfGa,bd0b5441da320eb3a4a22a1460afa1f1
P00022,tucHZUc4yp@a,4a1056b62f67e3015c398b7211d8f5a6
P00023,oc9XKUWkkdfH,11df618af1e92d4197c2b17eb68114ff
P00024,p%2o9@ECtL49,4c67dcf9e81834d7d2be7f758f315b77
P00025,ur9!S74pMzHs,42c9fcfb9f9251778f755b272f050e38
P00026,19zwRciZwJEM,b7c6240c6ee4a43ffbf0701ec2214044
P00027,l%pohJxnk7tq,df0d7701a1436a1bbb420f834d2dc31a
P00028,0Wyvx0Wxfb@%,7011150115b7fcd6e0f8a837a9fbcf75
P00029,jQJJChM4QPND,c7d40f6dace47167ff546aeb751f49bf
P00030,wdbbCTEcAJnD,a4381aaae3b01773406b15326a58aed4
P00031,wF47R4SkRk7W,d6d3075ba81897b55cf757332b18e376
P00032,J6S@hBYFyxWA,5bfcd2b0465add22caf19c1cac71c350
P00033,hmk3JNdHoyUN,09d3577d5899f5d23039faccb938981d
P00034,pm#f9HyEo#JG,612563db14ee5e67899626eb053ed4aa
P00035,096ZI3wgRRDc,53e7cb906991f0063b89701b625bb5fa
P00036,Br0AjvIQEAhY,39d79d1604ae9f994b8c958503ac1e78
P00037,T6ZcKX4H#UnG,ef191e19279232912d7503ac6084f1bb
P00038,2yXnvkImxl3y,cc52242d6a21c0f0c7d485d70bf4fbbc
P00039,8EUtXirc!MIr,81f181b9060631c68801c3ed3b14e42a
P00040,jUd$8P#B7hkl,e87c8d06f44a2f21fa84284530e3d911
P00041,69S7w!QFwRd8,5c0644159f86154130606551f9c09990
P00042,0hsmEk$GeKUs,9d6e08369cdd68b993207f873874a0e1
P00043,BZ5w#4YR3pFo,e1411ee8a3b192212b3494973e88e86f
P00044,80EqIBJM8CMK,a627cd022718496d493b72eb7eacf96e
P00045,oqT3b7YDctMs,82262adf13d9d8ec8e8fd215628c65e5
P00046,Ppfis%dSA#De,f8b33fddcb79ae3207327db91c9a6e01
P00047,V6ub8y5QsE%r,20319f4a0526150078df1c65eea0256e
P00048,eN5f6RzHvQdQ,646bffaae25b7c51f3148b21e29397d5
P00049,#8Y9idTruSKM,2ba9dc86a2bc6c1ceb81425d07a40cba
P00050,NU7NKxRzfjKC,1ebf8850206186a84a2e05835b1919f5
P00051,iEdzOGwAqz2V,6f97eccdf4dfb1a2f47a353e2fecefb0
P00052,Y0okRwwnNJvb,3b997f4b7f4ee7904056fec9283a9cc7
P00053,bfQ%4EhNE@hw,f2b766632ffacb785569dcb8c7ee74af
P00054,SEj74hQKh4aV,f1870628cdf41101461de7a013143fb9
P00055,VOgK5Q3sVh85,dacf2dd3883e314917caf682f97049f7
P00056,o1kG#ffdqfXr,ed2e3e5ff15ad3d452cee0673d0bd5b1
P00057,Pv0cPfp2vxaQ,c73cc7cef9bab18cdbae280875227e3e
P00058,zHWLr$6bh05I,b979add2f7410c8f98fe2064f92c36d7
P00059,Mk28HoNRe8Gu,99336d2881a629e2f734512b4b9baf11
P00060,coTFVZz2swZ6,7689209c597e34995852a7afce03fcb2
P00061,fpBRTExdzJqH,f2a6a57f5384f6f2b867f3744cd65978
P00062,oY6DvMS2QL0T,632afd36770efc91c69ae2fd668058ed
P00063,if2zG$8aMXIK,0d5db1e17533d78cebd4948f20ad4f05
P00064,N!fflMRQ3Ij9,ac990c4f392b947efc04119ad5954b0b
P00065,i83@g2Ex9%X$,5904f24608702045eb863de78789b8a3
P00066,qHWLzUHZaXQQ,01328748727e86963590bf2899105ca9
P00067,TGE1O6!i!070,d3d8687d6592ca7a38a4bb5506472b9d
P00068,qfUTNhtBOPY8,5c58a66e130687ceb96aba629037a216
P00069,mL%u8qQWB!UD,0e34926e657e699ab2620ecd868ebffe
P00070,dQKi5Vw!uvBC,e48346f8f8a665f213b2a9ced038c341
P00071,xZLg$aLlN2UV,986cbd0e282f835cf99aeaccf35f9e34
P00072,iAeuuRX5ni#p,cc8d79d7b8aa2fce32a7bc97530f39e0
P00073,IpW@nblkidT%,3db7044d5829afe67e27bc3b03b04e67
P00074,0TXTPtg0T4!I,cadc9b040cbced4e3f33af77a0c9152f
P00075,Wr91e5fZoGy4,31297b2cb1cba47a810b21b684eec275
P00076,t$XFK0mTLJ8X,02e25a68af91cd30644e00283b250850
P00077,CYq9ergTRshm,76fd5c83b97157778e6ce2e73a8a4ec6
P00078,xosHKxQ0EH1!,904fdc654c46c3a70303e58d4d29c77c
P00079,Kpa%cIDkinxa,c5d41fd30b53a8a57012b9c1766e6b43
P00080,@U@LJxPybab@,ca6217d78ea2172e5113e8c663865600
P00081,mejYM$!lePyV,2fe04a240891d90a63bf1280e0ae2911
P00082,lJNunHvPJQQ7,8e0a64c7b472ae30a920015b7e498e9c
P00083,AmAbmbPFI2HG,af78823e7fded60203249896607843fc
P00084,SnzKGEZG0%8A,7604792b03b4da84832392348b3907e9
P00085,#f88SmBhSiMX,c0bf996479ad41f3889b68fb21e219bc
P00086,RSEaQzfT0Qo1,a9152f5ce67fbd958bd21cc3137864bf
P00087,3CMGtPGN$NhM,c80b07a25d034e57892d3337765518e9
P00088,N0J5DpVI6GMj,d9084e6e22c1d85ae0959eeec719acb5
P00089,edL4PmcVaIt$,13cca95e010ed5dd15f37529afe5b777
P00090,2olVTaH65Wnk,a0e2a81e2a7e48b002a8e6b738925b23
P00091,JHo5K44cR7qg,73bed72a7f5178fa8d5a0b3b7bd44e85
P00092,NjIlSk65F5RC,29e81da14ba3d2bb6fec61e2b2efe787
P00093,JDPDFz3bAZ0a,01905df6c144c56d7f99035a7e5870ed
P00094,GqGk5uvpo4cQ,b2276e51444ed8a8d585996085cddd29
P00095,tfEmrhr$EXz0,3e8ac2dd2169ac48dee4245cdd8d933d
P00096,bv0h0sfZ%TcS,e2cb4b6d70d03da207edccbd076e5650
P00097,asnQPcRh3HT$,3b7f1fc894e2c816e3b11fd887c53681
P00098,3wnvhe75!@zB,2097c0f29dbb6c4dbd8a118caf9ef673
P00099,O7PYBZct3S0d,b671b4b8da1d8fb7c22d5158c4173e04
P00100,A9tgR!VRvqPd,326f951708497a37f622f9d28cbe7e9d
P00101,3giTCIK7pB9g,8b77fa74aa6289663ceece61ac555f82
P00102,VlF909t%QhgN,8801e802ccf90ddebe495ea5194ae5cb
P00103,ktFGjXUrNWx3,9aaad6f4b8126b608d6ad22f9b2a1ab0
P00104,J3jFM03b5R4G,0e9f1fc0465f340a56c9ea7de7e43181
P00105,mQoPkF61tJLC,55da4f484bab1560e93268944aa5b2bc
P00106,qjZCbqw%JyQl,d3df2152bc7bc8c98b42305daef651bc
P00107,Lt63P1MEi7g4,841c834a890006bcd865df862c3afae6
P00108,Z3oNhm5khD5x,6e00c65294765006d111c0cc28da7a5c
P00109,o6LV9WKIQcc#,ac8f62b982160e7b1652cb5419b72d9a
P00110,#DqvvNW11Rd9,16a65c3bcc04cc2867e640eda01e6a91
P00111,1#IdeynpSmsi,5c13103561669daa783ec49178b37a6f
P00112,Z@7XfJRLE2NI,6eb2fca6484dcb15701e64d47862fecb
P00113,gabOBO!4aP81,53d81894140cd10d46d81c8613601eca
P00114,K6v6En##@$EN,883a2b461c738780a0b3cec53fa89db0
P00115,Eoh!AMhG7@E8,6454210aa0656c98c7baec2fc65c9495
P00116,XKMfniCNgBhV,874db81d736e3640d3cbbc3199908fd2
P00117,fT1v2SfGKdIJ,0368c091d3ebc3f74a7d60bb10e712fe
P00118,b1c8D1Ne$6$U,64b09151c6d4d483b3080d247f1e9da4
P00119,$wKd!Epbx2MA,9f422e2499117a5dbbc0d9d941af61eb
P00120,@i8wwhpG$Z04,4dde3b4206c6c608d514f29eba9774be
P00121,em@spGeJACev,d7111eb3b181c43bcb754b47929a9801
P00122,e8y4D%Ov2vDP,6985b0e17359d5816252556ed48f2cb9
P00123,@bIFuY1EMINO,cd03f65dde4ed7ef6a0aa4e7e07fb927
P00124,60vzc#zmqJfg,b1755f239a547cb75635e5efda90d017
P00125,ROLBE!ND0zc0,f2e6b40543eb92490b18dcf34c7f32a2
P00126,bEAo4#tbfr6d,dd1cf8332df4234af4cb0aa04cd39c76
P00127,h#KfNBjnSP64,025787f03202c8b1a8a42d07e2665076
P00128,@LxbcXGRljgW,49127726f26093f3bc89cd486960b476
P00129,45WmAb4%HcPv,b00d99b6dea0cace6bbb4b95d3acf1b1
P00130,E@GlGC7$5M5F,c6e7517e51f76e079410f71e571fe3b3
P00131,Wok%QCXF7TQz,6ca50fd43ddad98cc7c468be5d71fc5d
P00132,WnNKFf83auZ8,2a5efa9f1b51b3aa5f34166eaa374f6e
P00133,HVgTzLHCABTv,8aff55759f557fd47ac419cce960591b
P00134,ht6uxcwNOqTR,ca124789bc2e1debbea8eeae37d81ad4
P00135,hUuC%o$Sm6Y9,328c97e9bc1ad1f934205c6ce641efe6
P00136,JN@@FkvsD5jz,8a8871c034eeb5d9e51fe8fdd1de60c6
P00137,bjTJ@$fE4nil,4294ab61896e53435dfb3711fe86690f
P00138,HftSHP$a%@no,50ae88daee076f2dac12d385bf7db9ba
P00139,v7heGs97Ni9I,fe742f13d73f15d96ba9c42db62e1128
P00140,pfE@i@mW48#2,37c57f1262cb5c4cb818cbd38a82d14f
P00141,laUG10zkPCXX,07ee19faadb5df99f7145b56783f8921
P00142,BMhZjCFqjsDf,43ef3574ae31c0717823835b1922e4b1
P00143,kRtSpZJTU6l$,05fded8aba30b6ddd01b99d5da8e90ee
P00144,h$wm4bhyLAdQ,2f4a5f264718701b2d04b5d8f5894c4c
P00145,iwpZIgpWNBwo,95204377535e20410af8925cf6d8b876
P00146,#QhD#zzn4XWU,f0e43318571207a6830fb6bc85b26bdd
P00147,%FI0uqhIPQJO,5265304f8106fb455563c92072c94571
P00148,qKirZmsSh712,408cda0e1c2ab714dd08709ebe476ca0
P00149,W4Y%DW9p%#a%,04fc1df011d68fc62868964890b34bd3
P00150,WlIvfojifzNq,fc58816dda1f21c37e5b31e71c8d156d
P00151,gOr$L9VpCZK$,a48fc0b9fa9b50fc68742e95d938735c
P00152,3TPcAS4np6#m,47ba0ab6c7ab28dd0d07bb9b1f240a47
P00153,Zcp36bv1q%fo,1fd1b0048caba22bf0e516eab3178f3e
P00154,FArGFdppS5iL,2ecef2772ae0017a30ea8f9ac904304f
P00155,$i1YPyP0gY3D,e6150d2d1f773bba0c82f1df18e1ec5d
P00156,nq@5JkRyzVpw,efd4e959f0004a6288703659c3b7aaa7
P00157,DGK@0Ldi@VCL,dfbda72b65dc4efeff638f5610b14b56
P00158,5b#x#8sHOfVd,146dfd87ede09307d62a794f85a76e70
P00159,@CzlZH9c@k8z,7ea16a8dab590459bbb59acf9ea026f0
P00160,eMG7QPJjScCj,7416ff86f80a4e8759fdd448c8071997
P00161,#AC$YBkjD4iF,01f157527268c4848fe1b4af7c2fb4fe
P00162,z69n%LijJlUu,ae1e0b549a1d494da7285cb2ee9a0600
P00163,wDUv8K5WKI6z,1a8d7426bae00926b89016496862db0b
P00164,f%24xxjIPwJb,c48948c8d6fcc857f97ac72c5bdecfe8
P00165,t%#cRYTLHOjc,be1cee2956be7faae6f55071b918d11a
P00166,lQu8U1Wm!n9f,1449e9cea1a7620911f95598abcf02b3
P00167,S$BtVX#hW02I,4fbfd5a38832c32cf8bdc079baa938e9
P00168,DbhDIEcQEGjS,777b5973d1f5cd4418faa4e44d60820c
P00169,qr3stcBS1ghR,185c66e3ddf698db904b1d2b1d0d1931
P00170,p!GHMYEGeRkN,e4f5add8a5062789c1aa90b9f8463a68
P00171,H0pqdYv#xWHA,0c66625b4585c0ac6fc2bbed09bf8073
P00172,Q4dXztl0w@yS,1a58586584a9c622591c4d2301691801
P00173,ucTZM@BsUlCA,ad3f33a2a08bee568e7a748dda1655b4
P00174,Rab!R2gEBa#I,81b2b05d2f3d5b0e0728684d238039c0
P00175,H5Cr5L7eCGXB,ff592248b62e4df7aa8f22dfb1840c6b
P00176,5LIKnA8yVIdV,a0dab9ddd8454a6a2b60cb7048d4089f
P00177,#o1Lum$uM%Bt,20b408f6925f8e1363fc846b400be682
P00178,pYhduT!wv3hC,1f2622ecbb6371f01bd7fa4d641e6d39
P00179,nVZO@CTr5Aye,74c773c20dd62d57b375dc1e4cb12a83
P00180,s$6X8Smuxl$l,8012e580740739cf6ff6c7129442a296
P00181,2fMrUsf4ADRK,eb9697db9854d39f6b8139b02261f70e
P00182,@%A2HAaCzya%,7560c104be5e9f72e7576d8fed3fd1de
P00183,rVZLz3I03aUL,123a34ad86641c1167bacd15ba6750ae
P00184,fSHPyEg9ZCUB,558f36569661797a19a360788a44c903
P00185,NZrE8l@#I7@4,7dd7c40d75db63c1f73e891902b99008
P00186,GedWoL8pYK0J,0b966213270ec87d030be6daea980538
P00187,GjKrMRE@EImc,0910ab879686531308f686549b76737a
P00188,7J0Y8v%a5iop,5a0c2eeb578860f47efe22afc8c10e90
P00189,i#cASHEOc@sW,ee64dd73e5adb8e1ebfb40d65e0dbe4c
P00190,zd%OL0xmCaDA,a6e931a39a05b5358cfa53b579e263ec
P00191,U!l6#3xQYbHV,daff9aeaa370993b7dcb91558030068c
P00192,wzDJx!y62$yP,db6e107c3125090ede389c206b5d769c
P00193,WNJLtkm1yDq@,b11b1240d3f4006344e7cbd7c689f361
P00194,c3ydoqfUzlmS,a4b45377f7df45d49f9d6b3230d28a7c
P00195,IXzrw4m4YjvX,e42831843dd63d94cae614fb4a23a9a5
P00196,JNdPuqvdaAog,996ae481dcffa2ea8e4a5f7ec30efd9a
P00197,f0Fp!1rqe8l5,448b0400d323d875673c954193926b5b
P00198,770Pya5zU47j,e108c9d2dcc8d9656efb00b67cc37a3e
P00199,ko$Qxc#kZvT4,051f03de78c7f9ef17eb5bdd2317452b
P00200,dSJfmEG6#oVv,752b1505bd40ba65dd873617eaf6d446
P00201,YknW$kVzixF7,6e38ed108b523633de9b13dfa6b0da6c
P00202,i#3noVWeUzww,f5bab3f53252d74cb915a505c337b648
P00203,Tx11dbxjAx9T,e7a7134b15331a80958e24bbe684b10f
P00204,HIwxek8A7#uX,c9857ec9de16c923dea4b53b7cda9ad0
P00205,wuqbGMKdOAOU,9c38aa260cb8ddd7574c832441c6577c
P00206,GSEryBB9glPB,63ea248bade2f3e3d27ad7a19bd0fafb
P00207,EEokerWH0x#V,be7c5ed7fdd5d37e5ac1ec37ca528339
P00208,kFRmLK%IYSgL,152a3fa09bdd17ef4cc28de70ac266e5
P00209,FjkH8CcoA6uJ,8341cc54833578790458a33ee01aefb6
P00210,qVVQoMtPAzMi,e052d0b4c5b2d47158a9b071e9e19783
P00211,YtbYULjUBzyn,79eb5b3e5a6d70e6614255d31aa0cb0c
P00212,sbOpc53OsO6I,a7de6f8683388776e416b8e66f792adb
P00213,S$IG@Kh2qyq3,bfd20458509f250c257bc3c60e6cb465
P00214,iGwwJG3OkdH7,04bd354ac2e6fcfad002f781c22ce7b4
P00215,sc!oNSDHG0YO,6596d085535c906e17e04329b90e9dfc
P00216,XI%1r!au6DPp,07e3ae143f338a202980129e11ad7cc1
P00217,#HOF3uZ5gAmR,cf7b0975053ba73dfe9543f2ecee2d7e
P00218,$#NIaXMoEc1%,f4aa98047e8407b40d335b6bdfa42f82
P00219,u%H%MDLUbbhk,992ec72b2ff89da947d2ebf9e560ad58
P00220,w0@eH8vFRm5h,a7298c82df8b4f1572abf571175c747a
P00221,$9Q!NLlpy@N4,f42f6bb5c7de3e794cdbcd56ff49e5e3
P00222,byQNT6B!SknB,1b35fb560772a7224a88998727eef2a1
P00223,0Ly@K2%e6$ZX,6ee86b9b0b7dfa5a6fd6fb1463b27103
P00224,9j@b@lKN5CQd,56ce25f3dd567fd99795ed483d8c0df1
P00225,gyLm0TNdXLk9,b220f738e66ca18c254dfde2adbd0b0d
P00226,$SyEDJZAzt!I,ea29f2a5dc03d0f42691c60ea333e6fd
P00227,aQa@H$k7F9J9,4fc830b0b2b9453a6fcf28b99bfc9088
P00228,AcLSHXRCYmjl,3b3766e546bb08ddaeb64120b736495b
P00229,z8Id7@KsqQew,8ee1872fb9d35135a42da1e7b860c3e3
P00230,OHOkrUec4GCX,3b40c80ab6d14a8907e705e4c59e303a
P00231,jsiC$PjLb4SR,38cfacdde6160bd6dd84edb19ec0cae6
P00232,U0Aex9$VW2Aj,10374817213d795629f85c2aea6718f6
P00233,@j!87CvPcZRD,ab436c95acbeb47ccb2c5089691623a1
P00234,muGxBvE79qZB,543460227b56bdf4ad669bcdc39b479b
P00235,MOZx2y3xLvbj,c867d46909fb16756f9889c8d3affcc3
P00236,Yqem9UviWe7L,43d1dde94391e64a16e9803cad465ac3
P00237,%pQvW4K1hUbr,1cd2875f8e3b5ed705ce1c24bb3f7885
P00238,68u6@ModC!ni,979554538b7012e1a06a6439259df2cf
P00239,GOsqkM3ORWP5,6be6b4760ff09d249710ed8113896c89
P00240,Mys%2b4hn2YZ,7763869964d2c23b6cbdb3de3e2c7436
P00241,y515F%f%Jlwb,88e98d3193faeae3fe8804140fe3fae9
P00242,3wmjwv8NSEQq,567332d2a1ebec4873bb0d9f7749d375
P00243,5mbrz8Efvr8l,fb3b7c0f0ec451fa6b8c2519c2594f0a
P00244,j@I%cQqIcejH,9110f2a7d492934933d79c6fe1b051c2
P00245,kX@TV6Vg0FB3,40120184ec967024703cf1cd33c93f20
P00246,@wkRm81p@NQt,bd67c8c0f2e83062e38418a9b985610d
P00247,bQKaa1Mfz3bb,f8b2397bd3bba6c6a6cb12f1143c3ce5
P00248,WFPgy1dTS3dB,8bf1615f785dbdf9b976f3216884fc80
P00249,wdAOaXjIi5#D,f4cfdeb0da6e421b8b41a7cede24be78
P00250,GwWLryKEVN%U,226e62dbfe16690305a1fc0e1913a7af
P00251,S5pwtbMAuPrp,ef6b10bb59df519485c942f647469416
P00252,VOJn44BoceGi,7d7ed8df2dbba63e9284b1743f852d08
P00253,de37Qwu%Wj%$,9bcc8bb81fa4e8ec41867db4beeb338b
P00254,brLk!S7KVth0,2903a02cd10682e0751497bded429bfe
P00255,gpx$ohZQqmpl,a68e5c8b377452dc9360d7663d0e0cca
P00256,BhZoy7cUxs0m,a34e35566e8d9fe31693c29a95fb3ad3
P00257,PXHbrbcvT2Jq,6f073047fbc7d16165075847d93bc044
P00258,BXCE2QAZf4ya,5c9ae74a7c6c58ad8eda801703601651
P00259,XZvZfJFDdnGT,e81739ef327d0e92cac45b578fd7c20d
P00260,!pZpPkeuKKh6,2ef00a9b37a9676927cba31f48618e0f
P00261,HgU8PNeFip!6,3fe6ac1310315004ae406b44c830493e
P00262,7zD9XLYftC43,fd838049d19855b89d5e657ed749e95d
P00263,uqsFffb7076q,aed20c33cc3cfacf8c69809e4788aa48
P00264,M#QkOh0xJB1x,17b423ea44463740c14e13d393f238cf
P00265,viVCR8#G#j5W,fc983c62b7c19ba46e359f8c576c8cbb
P00266,0quVBCB!U5Vw,a6ff835b6fb391aa2103abdf18a5dae2
P00267,$keIGqmrTb8N,355e7befc3d7bc09c7e617bb558024fc
P00268,6jCwojx%84VU,9e33861ddc01ba1472fdea7ab6147388
P00269,W$swhFkh6eq$,b2644e1f16800604f0766dc38b0f8674
P00270,HJUr#eNaR4jh,d269e8d53aceae1976561cdc460a3b86
P00271,OmtlkLGYoz5B,31682ab1ff2d6f59621b2c0ca73ddbc8
P00272,wWeslTP99AB5,e36f2bf78299737363db7aa1c7faea2a
P00273,WvHFyzHmKuxg,0363fc0f16f498ffd05299056ffc6f2b
P00274,bwK$9cwONJpT,ca81f0104771c438352e514800dc6bf0
P00275,N1!W8kvbaXwQ,55017eebfceb30232e8aa578833196c8
P00276,v63IT6NjiPD#,9cd49061725113d728d79bec518a19d9
P00277,LU!fP4o6TEJK,cfd39e40b5fbe0360dec110220b4ddc0
P00278,1an5R$hg1fa5,ca4064bf9ffd6ab3854647d3afdf3b12
P00279,OmxisjFhqpMJ,93650c289858bf3e8ea0f867f4103255
P00280,hyKffwcwJAQN,bb707addf92d82f9030e1752efbe099e
P00281,Xs$xi8864spx,4de0d9d42e59aa1f421a23355f2bdf77
P00282,ZXxMDm8fyM1W,acb512375d6faa141971b25377c05bc9
P00283,UJ7%l19dSO6N,a71596102d26c4cdd89c15c2b4982acd
P00284,YZbQ268LO8si,eeca9b493bd4a19c9e9ea79bdc2326b9
P00285,A67DP9JUOVe5,98f2ad0a452782801f91bb1530d45b50
P00286,wBQNdDkGUxsG,5f0996c59ada5fccf184034a5b6e146f
P00287,Hf@uVvENiXw2,f261eaef3714914fc66f8de0dadb1583
P00288,5EhTsApn14X1,c5f6c58d952b798308817d448fee82f8
P00289,$2i#9rxcN1t9,5a0a966881c3e521aef837991e14a691
P00290,nBuckE$fuk2i,94d47646b768e199dce5e95aad1555aa
P00291,Vov96zLXPrk9,dfa91449a6d9d3d9b5c6232f2387e10f
P00292,Ah@3$erNN5N!,adab4c75fee46f010e1bdf649049ecff
P00293,g4IB0N2VIXh$,2f65b174d59399225809a979df335faf
P00294,#KreOUA447tP,d147984412b9bd9d70240796f1f65369
P00295,K@!LyyF3Rh#P,62f91505197d5d339d2b3b8f6fe559ff
P00296,p#J0c9%H2Tpe,cc13e7a0be687cf8c71b3c72c9d6ee45
P00297,rNEqzurSdyKs,414506e72e96bc2a23253b49bc260b80
P00298,Y3FuaK1Uq7XP,a8c37de0389d0f7e2e7a60c558a78e8b
P00299,fT8tokei9Jpz,484f7ba09bb144548faa46a0e9da9a14
P00300,r0aaSdnr#!Jy,53b9eba0fb2ab6781dc9c0b4a4cc4f36
P00301,Yr4C3E%FzU5b,419ba2b3f0a7d0593e14d9de43312b9e
P00302,8bqF@I9tNwVE,66fe0b44f2339f8cc5195aa07b696ca6
P00303,QQ9p!Lt8AI@d,334a26d0664ac3622f93bc2a896e0db5
P00304,AJ@1OU%kMprb,f53c8f8c6ac31130ffe77f7e9999127e
P00305,48KmzNRG8LKh,b5d2245d078a906ad1d7977db111fa0c
P00306,0!paRvWPUDH1,29267f72a8346e093f41208aa7bea34d
P00307,ERow3Y7lHSya,45991f5f924ad233a032171a302b207f
P00308,dW@MoCpke8YN,3345b6541e562943255af8f6751962b5
P00309,Of1OOSxZbpYm,af17d88682e435e9c6d8aa657cc0d3a2
P00310,9hAPw00nf1oT,7a8042d2896a629b96cad757a235982e
P00311,90npTOO1V1T6,cfed3297f79b462bc7cc1935f041417b
P00312,U#5BJaoxT#aR,d2cd873f04efb0b00cc4297eb5e40d08
P00313,ik$Yy%wGydm!,626ca96117dc5854b4b4c922f87d97a9
P00314,JcOpm@111LJq,9d36ca46279c5c3f4779a121b0081a6a
P00315,MO@IE81iBnID,0c097da719c3a7d0d67cce84c8075970
P00316,yXrV@cHXSAVJ,fea5e53b641fd4e808dc35a794f1c80b
P00317,YobGfL4wl!Aq,7a3c75cefb088d74c79aff1a2e0e825e
P00318,!wi9wREMPzwG,fcbb3e0057337b2cf2cdee1e2ba3664c
P00319,0@cz6ntaBvA8,76a4cf11923c96dd797197db9855cbfc
P00320,q0YqqbXdFV$2,c763c9c28fa348618684b5f94912710e
P00321,F4A2ABfZR0C3,27d70b6ec6d1e492ab594ebc40e060da
P00322,M6S6oFu$wdGx,d68e532e21a1ccb9f37f729ad0a43a11
P00323,MRg$Qkl3T2Tq,a848d0f8cfa59893dc5045527a48ce85
P00324,fZfUB2dt@z0Q,25a6302ba79eaecbf9a791ed2e119a97
P00325,UOoYIuMd3fyY,182364525b6f727bbb24eb7785699daa
P00326,50rRJLOgLmkh,25b899d570bf4d7683f4d80028f1ea2e
P00327,YoKinK#nYwkz,c468d9c86c5df93c5b84ea6f8c90b01c
P00328,5LWF7tOAvWW1,ee13f805e62956592bc582756c2937a2
P00329,#qkAlpBuYeF3,b07765e9f0ac59703103cc436e8a6c33
P00330,mwx0qfOKpLJl,600c73d7caf55f8542a0122076acb31d
P00331,PVjQ7ilMpf4g,4b3b48fad3514de7aa4f1359ecfe58ab
P00332,N8fhiIN4SykY,5cfc0155802e907dcf2f6b2dcaeb3815
P00333,BEJC1@ZTIFwr,c6635d898f3d7ed7c2272b6292ebb53b
P00334,EtgJf#CflgIC,5c482527a11c27f9c820128978de0f96
P00335,OJXT3tQrYO4W,a22db8d45de4462eedef22967fbc0981
P00336,qDq8Y7fx5ob8,37a3ff097e06ec602db1dc42968a9089
P00337,o!X%M#cqxbja,265424a0cae01a00b09edd484f2d1d88
P00338,9QUDdlI$@5Tf,fa3c3d2a3659ae97ee7f9245894068c9
P00339,gxZAZPQ3lX2n,8728cfea3c3dcb8fdf4af7ed5b7e580c
P00340,k7fiXI8euC0v,1cdaca0380ff2f700b7b5e61a4175401
P00341,$@MXFL5O%irB,ee42aba1da8d1eaa6bdadbacb162ad8d
P00342,RrDqjTBR$R2b,de6fec810971a226eca1b037e9464fc0
P00343,Lob2mQ@O#g9a,2b65fd19f7f9e61cb593ebdf537f88a4
P00344,O7iZUkooOQ1V,0e24f05c40e7e82abd51efd6ac43c227
P00345,@RYnoyugByBP,d8cba4472c3a5e63dd6c1c0215a0ab2e
P00346,lpFF6mKA0UU@,46faa5a190d3c29d2fcdc1af988942af
P00347,CS5FWa4$Gvc@,b47f8a0fa4dea8d106ffe0df6e1ef51c
P00348,cdZIr%Myo$uE,2d51a54446d363ef8ff00c2c02647554
P00349,S%gI#dEnFDKd,d39c6386bcf12e867e50baf97acb3a5d
P00350,g2lRbz@gVY9C,15843fbac46c8157c20b96f321f9bc6b
P00351,RVdh0!tE4E2Z,3e47ce2214d8a23070a91805e89f7ce3
P00352,GKtSx$kKs6yC,d4e8edd61109c00b6c8ff781046c1daf
P00353,4i00!4eAAaD4,720c48fd2de37a82f2fdacb4bbdc4a93
P00354,yRaOp2j%qE6H,6714d48e029150016ef70d0339bbb57f
P00355,Y4#zzOUordoR,b0bebac13e0da89658779cabc0e88a7c
P00356,HnS7geTnS@Tr,f7cc4360b154ee56fe360bb9ac226e1b
P00357,jYAHOnLGPj#a,1bfe09b25c1aa5a67bc939e667a886c6
P00358,LYdGTqhhnfs2,ab591bfa42018ccf996b475a8059d5bb
P00359,d7HkM!AeMQoN,9f6164bfaaa212bab29cab72e1ac1f81
P00360,OccDnwH#bip$,67fcd5b30bf9d243305488629190a1a4
P00361,bPiQLD@l9S2J,2ccc308efd89ed4b8eecd80d24df763b
P00362,Sn8X1dLwq1uY,a227e71c58b87c8a1a16002a066757e5
P00363,7KNs$Bse%bA3,d7c3e4b1952ec7a401d916f9207f277c
P00364,!srg0Vmv$zKM,d1a6a7c39ad554cd1e83b3bd9cc55400
P00365,@w1i@1AAZs9S,02ac454a77ee5e42208ff3bba395b253
P00366,VSucDs19lfC9,9811ed13904f1150344909f67479d484
P00367,Uc4zdw1iu@PH,21537c0bc655a7e662a2c5d4f10ad6cf
P00368,bxG06mGJARUV,0a668b877eb8b8c5679a538d6078f6d3
P00369,F#U44kT4bPCR,8aea72ef4e60f9854040f3e3176a256e
P00370,d6LkV4JPjZyU,c89d0547fa71b57d06a0c70c73060a49
P00371,AynDvLZglPIr,50671235c29f7151146c7e1861f3ab6e
P00372,q@FnplBsZeTo,b7b60fa784ebd89fa4fd4ba01969561d
P00373,$qqYLHuVix%7,54fc0d045aaa79dbd88581ab9482fbdb
P00374,MYs7xkBxwLCs,577ff5ede03830128ccb825dc4e8497b
P00375,5iEfzLqbcL$6,1cc32797125bf089d1437ca7ec8d728e
P00376,QyMtd0toLoZi,e9c00945761b272ead4890769cf46b3f
P00377,@2#$9GRXvXu#,de15d1944f8117977b35eb4c8d9fbf19
P00378,u3cXJuGNBN3u,b4a82cdc539dd69b62cae6023147b1e4
P00379,0%JPEj7APfPn,d4983c9e88964a6479b40280ba5a77c6
P00380,%f!xpxf$PceC,5739e1058bd2e04fb8eb5572fae2c41f
P00381,GRHWmNWg0Bj9,f1e756746decd33942b30184698c2184
P00382,sY2TVR0ryVBR,adc98d2c9e65193c39a7f96aa5877d6f
P00383,Ds!@RVwANYII,61548749dfe196af7d614e9ab2cb0883
P00384,7qnV4PjcXbeK,7a6cf947e65df12ed5a8990590583db4
P00385,F2i%@5FhvnH$,2074ca3809fe9bbc954eee1c9086efad
P00386,s#8f8!#@QxxB,a2c873256bfad876d35f5d688b57c7f5
P00387,Zh@KXBYfo1d0,dbd49704073eacc379961eabbf1830ee
P00388,STcjHK6CD0E!,e2b31ad6617b47566e4052f5d1c17190
P00389,BQKqSgH7EGF%,0b6f50f9869afe90904ad82985ad8e98
P00390,oGyBb6vYiog!,64dd341f2dab4988ec76cecd09058894
P00391,vZotsB%$MbHY,57da08de4c03e02bd3acdd6a51dc809a
P00392,m0!Si!0mB9f1,f829dec5a8e4df8e116d6d27407a99df
P00393,4Mx%z!xckoDg,1d8bcb7790a1cefc679e8fc68eb2d4b2
P00394,hMVLPGv6PaXQ,9f66f08146e4ec7a426ce7cded156285
P00395,0J44YB22jsFn,15b47a98011f2f86c90108f3ab4bc3b0
P00396,VYMB@XSKkkHK,febf61bcca51af604f24ad5dd59ebb01
P00397,sBCozHzHUg71,c6118c27cd8ade64c03eaa8b034f4b75
P00398,2Gk7ZEVi14AT,a100bd462dfaab472310ecaaa6aac675
P00399,tksVVK6VfBYa,da46df1f68acd8b44f0ff41a4dee5db5
P00400,GnFCqfhBdadG,27defa8c0eac0903ab553edaf967877c
P00401,L$4ddMPaXrH#,f958d45f35025fc9a1871b874e2a65e3
P00402,xyh9OJoLg1Qj,b12ccc1616747933326d6973f9af5fd0
P00403,41y@qpozI2JF,7b20e07cd9e3e7409b24525f376eee6d
P00404,2tSVOT#1bVqa,a95f74976b3e59b8848a8264a963dd00
P00405,qcV2Na5Njsoa,4942598778ab086004b06bf01310e502
P00406,UDC24cwZ@#%q,adb37fc0759540b4f894840a5e70abcb
P00407,i1QA#e!T6dM!,6ff62f285a37bc85e84a64ca0f79d326
P00408,So7tcL9bGwa$,d59f1ddacd23469691364b4a8d346be3
P00409,i!nfxQJstlBy,44fdfd88f50dfbf94d47db1160e8ece9
P00410,!Qu6MA2SJ3zA,9ff128563ba55322a048680ba82554c5
P00411,tPMf6jxfrjLH,720b7ad4db40deb25d494e8c55312e05
P00412,E!uClRtUia@j,18588f2272ad424d2bde7efecdfb5c63
P00413,%r6NgCuY%giD,9e0662fedb184068ec0997c14774399d
P00414,k1Z8sYo0#jXa,052eb2c7924cce1cd6756b7938be8f3e
P00415,LfVN@sX#ttmv,d38af643f2c01dd9b9fcf515812f81fd
P00416,5%3zFEaUdyEO,dc12c365fabe479c2b1a76c4c6c81ee7
P00417,Bc7%wa6ePJk$,623965de6c9d667dd9ed77e7e15a2cbe
P00418,PJG7XtRvj2Px,4dfd7b6e491162201ac29622a17bdaf5
P00419,B%LtQ47@M$A9,5067bf7ea797ddf010a90f6c89e4ba18
P00420,TS@pWRUadtrM,91d73a37d940e75b392fab96582011de
P00421,o5eJZPvM4cA7,1b7972d385c829f36dea273b0d981121
P00422,XTAIxXoTP3Pr,a7f5a2ebebdad73291f7566c2f6cb9c4
P00423,B5OBcrLdDIMP,aa47284e66f33e579e843ceb308983db
P00424,Z9Tq#Vzse2ha,aea57a28d3091d85844522a414999589
P00425,Ll%OKpEmqRxY,5552620d7661b9b2e97eb430aef91753
P00426,nZUvfyDdfDCI,db5495b76c26cd8fd1195429e2a483bd
P00427,#KuURN3aPHsR,5e1add9ec97014082c829f80737de7a8
P00428,rsIWIiEj@fD0,83536d98a5042a978810c69dddadeca2
P00429,IdsH9gIINcdm,4a612425012b200f39969448f09d7a4d
P00430,y80E0bcHn!iC,dfc7d2544728e183b0d6638dcf3e329b
P00431,W1$FSSHV6r0U,7af324fde0f4da969251e1394220f81c
P00432,9XmyOJOjl#1T,5338935e6a62cdcdf4592ea8b0f15ab3
P00433,TZV6tcJaTNTr,9489597395b010f3bc38f99055446825
P00434,Ygzwb6E7Rapp,a52f9bde6a8f99901b900e10eefafb7a
P00435,BLZis6D3XVEX,2e149852c789d4247a1426cf7f426efb
P00436,dzD%Hq82tRyI,db649ab3c3c86b56c1cd25f4e0c921b5
P00437,k5P1I7$rqAdV,351c5b99fd62b7f4302864aef016e34a
P00438,$u7Tq2hJPbJK,7263a0e4d8784f4d47f79d51a7e90162
P00439,jKor7wRGTqMq,e1b10a95c92dc180d9964ce6ac6253d7
P00440,P6pGfREPGr!X,3758f73ec1daa41ad06dd844ab2ff950
P00441,4egMe3JQO9MX,39908c5b9f7f80aefbac26c75562976a
P00442,GIdezSVgxs9#,e4046ea24f4db772684cdb9e5c1e031b
P00443,HOJpOxH6Y5!@,3c615be5ec43ef1a82ca8a15bc1315b9
P00444,AT!f#9mFYsOp,d7ef45d37fc629b59de4300f122711b5
P00445,B6hY#hunMpBf,07d09614046751cfd3936b0e2169e7fa
P00446,41w$IIZ3gOpb,fa5dcc05d6499746d7e41a04fcccda3c
P00447,8tivEpaBaDFL,0fde0c0aaa55f7babba186d039780447
P00448,eHZU9mhaD9h7,3a20a512d0b302ea7ca0d93817ad0333
P00449,no6#uvfF1sLT,943ef22f29d43189fe65955d2e9443dc
P00450,OPtT#Fa7hm8Z,1e0040af964555a244723ab825fb9ebd
P00451,3f2RE7ab4V%u,c0406e8c6491025a39adb04ac9ccbd4a
P00452,u8iVE!YZCty4,f9d2242ab835062f4441b79ecb38194c
P00453,m%GLSJQ3DwQQ,5edb516a35898ed1be2e1a46f727775a
P00454,WM@8DPJs1aC#,886ed014b2dc64906205acda530d621b
P00455,tR%axfmjS9vl,df82abee001dd24bfa53678d2120e221
P00456,%MOLqN$Ahghh,f72eec8f316e78aadfb0eabf937c5182
P00457,r#09MXRBdbD2,8d4d4b284088c83123495e718c4afa43
P00458,o6Y!PSNNgkFV,de703a4aafe71d9d50ef33ba5a70385d
P00459,ICJ8QCtzfdg#,bc5e86c9c1cd67759cce54249e3b721d
P00460,ZuLtWTPVHl7I,4b58c3c00570d7de9c1b90f48db607f9
P00461,tpoZCK@L7Gl8,ce7b43105e47a3872b9400415050243f
P00462,SOSgejhFu05R,f32f09458cda98e764f25a0cb294d5e7
P00463,iMazR$0o9jmZ,95fb3a6d13e531194ec69bcec7c1a16d
P00464,cEQM2YxQ#jHM,35ad264cba29cee9d691db99a22cd250
P00465,ztSrRIBwuBCK,3f1d4942bed408051145c28946521268
P00466,tGDr5#d2KUc4,edc1682e650a4624043332cf83c0b206
P00467,Z2gGXMfxPmWz,cc112c7c40874669efd8d8e155bc2cb9
P00468,g2oO$VwnC#i4,92a2aa5f181d4b4610b141194479d799
P00469,G0Dlg7Ei5K@l,0b73269c67dca17eb2ce06ffc5f71604
P00470,0sE0WSblvOm4,53c633dccf055a7ba957a885f9f29ea6
P00471,Mka80J7@lMIh,dbd996dd626cccca04ebbe8e48e6960c
P00472,HgVGvhTOKtC#,f2fb57ea5323a768064e647bf671460d
P00473,kJkJZo2lZubx,41e627ebe94c0c8e2f383388ce1993d8
P00474,5%nm8Z60cAe2,0a4595ce1afa14cb0871aee72f439a03
P00475,%EPnCC#cjhFw,b739a54c9407d07f5c4bbf5008e3848f
P00476,e$HteFl6FYau,6e0a88d711b96bc65681eb4c93d26e8f
P00477,YE$8%ZZ9TrF6,75d73eb9d2594fb149b1ed5911e5cb73
P00478,NPAWYy9#pwyF,cdd9affb82e4c062228d25c239ccb715
P00479,oYPNKYaY@R9S,49e5b24c31a32e16328f0791c3717933
P00480,53Qv!DfkBM%R,758c457bfc71b628a9697f681390e69f
P00481,#hDza0wi4$6x,142b9d4f9d40447ddce56f4565b74c3c
P00482,ij$5CLf0LTQK,38757180366b9ce288b7d653a651d7a1
P00483,YYK1@gn$#gVh,039b31876d80d20a854b02608b3f77be
P00484,v5GLza!aRFju,55116eda35898cc69ccd4c6ec58c5997
P00485,$OG2IpJjXDs2,2d8eb2f20eb9691e0b8fd164ba86a8b3
P00486,AOg$VCD36NH0,3d3a70378c88c203b61611d46fabb140
P00487,rZNf$EAAhGvr,d73095267ad3851a57d6f263ab626d0c
P00488,bS6q1DQsflzN,3994e630fa46f51ec7f6542f338f0dd4
P00489,b3VEKuX$AEI6,fb17a43ab5d04b456c56cb3578213e41
P00490,#K9Hkzwmraqq,f8782ec545f295f508e9614243aa8fe2
P00491,KEJRGD5Fp0EI,0d688a1b2cdd11e4ad040fbd1cd32625
P00492,KjTfUQwSK4wO,45c1871a997bd52eba47f5947a32c601
P00493,Q99Cje6a2oYX,7bc2d60db7ebb9b60356a725809bea48
P00494,kq#wDxHOlWcn,71ef7dc0225f976bfdc300dac8fc1f04
P00495,U%FOEQpcKAFV,259c482b74677a69d467038749e7d061
P00496,L%2V%3Y@RI8!,e307318c0d5c0f89ac2b3181efc0c56c
P00497,@fpgyzJQjROZ,4b6123016ac8bc462d3de3ce0cc948c9
P00498,tUEGQ0!pM$Mi,c3168f487daeff704ff1673d59897dd5
P00499,dApxPniQqPo@,39035877541872091197aecf7e52a56a
P00500,ErR0DCmMal6#,f55a58c1d02999d2b6d16966ea904797
P00501,ALC!GxzB!uar,db118c493aaa792d18f3f0bec748351e
P00502,9mSdbixWF6o#,949ece12e69d5435a7fe81110a61a6de
P00503,5o9Q9kdYqsHH,de7e083a0c9f7255690ee992fb58d3e3
P00504,s77om%iO!zuY,a6a296471529e55ffa5e0494c7466352
P00505,QM!$25vWXj4K,6de50e5d95c4ff0edd4b6e1e6396ea1f
P00506,G51g1K1Hn%l7,52fe3522f0996c864c37fd4698944cbb
P00507,D@7ko63d8LTh,f3bb9b6f05323833e4a1efa275435e4a
P00508,2NQPrDWyZ9gI,2082818751073643cb8f5aa9f773e487
P00509,V9sBrWj8bRt%,750872b50ed3d08a05cd81966e6f1074
P00510,Wn1fTraR$3ST,7312364cfbd4c8f590073a6447fc0c56
P00511,UHmS6fBvSlPy,81f5da708ac843a7d5019a2f1f82df74
P00512,PpIM66BCEXS0,4c836923e376ef0950903efea4d63026
P00513,90fQcHzjb6fK,b0c55b3dd0e3fa96849f7ce1b12842d7
P00514,P5qXhEiJiE3H,5df08aba58617197aa5a9fdf8d749f11
P00515,y@3t8vr!Xtc$,ea2d94cc48b22944cc7aba65f8662622
P00516,gV#0e$72!ID3,498e0598bbadf9719ca0ced3191a36e3
P00517,LmIQSYGva9$v,13e13b0faa0bf3b46917de500d44ee50
P00518,3GrV0FKt14!f,04f1c539912666dc77613efdefb3a23f
P00519,nuDx%LkhJvmM,48af8cf5c43ecbadad09576413b051af
P00520,KYOeITW3osEf,812d9eaf67eb23a16b1aa3e54c5a2198
P00521,K5s@Q!6MuMoG,3a98c02b9d80336505622d4367e2b591
P00522,zN!U6sv$@1#$,59c7f8620afb57b51b878cee82da0b46
P00523,bdKG@vcQPy4z,db9fb43ff664d33b27ce88f9828d7b52
P00524,q%4nBn9nkpIk,a99d6fa6d997137c3e6ffa59f172bb87
P00525,H18GD@t2Y6ZE,4ec1b5ca9b82ace82a04df34b7856217
P00526,rSG%2OJ#Kd$R,d65672f0155fae5617d37ab3fd07d235
P00527,GLMzIQ@jeW%P,d1188b52a54c02ce9e2ac629cd716c4d
P00528,LHmnxm1Tq1vx,91252475d120bd1243b6972c4977e434
P00529,xX4g30zO%5Dy,3d0351fd816db0612fe98e7cf06533a5
P00530,bybZ$Cq0TMml,e811d625256c1bd0cf00f826d531ac94
P00531,BZOdA4FIC9EV,844f351909e0f8d773ad04b28b7a4d18
P00532,Cn4AgSpPqM#c,2f868ce261e57e8e0747f1ffc0c41481
P00533,GOG4p1Krnkzs,04ead857fdc7b9f1a845190e77b5eaf3
P00534,Z7x60whi!gG$,b84ef2ccb19f08f2f5bd74d679620aa7
P00535,XSOhibbBmZOO,9c7a0677de7dee62e5f092aeb8c3449e
P00536,QGzXRdfSMmWQ,6e8ccfd43311277462e1f4b70a1ad491
P00537,YXE9xzKe8C9o,6ee667932069c7a5d86a013bc0f615d0
P00538,L9j1AWyF6N#Q,f9991ca0ea53afe0af0100abac91ac69
P00539,Pw2hEBaZs%zy,0eca5eca867d88ce178416c7318cf736
P00540,NMM64KuenVfa,6a87632ce82bf0706beccc3462ea615b
P00541,oL3xhidtYDUH,94570e8936e25a488c57b915228313f5
P00542,r6F19!Bz5c19,8bcd0817c569345bae517a9b277a7da8
P00543,AA5jXtzCs@$s,4352a5eaaf04746d192dec15e946aba6
P00544,7jUc6oZd1j3U,0d91bd6920102834bc01e5aab75eb371
P00545,0q4VxXRw5foL,1ae59f53a5420b53f1cb139387dad614
P00546,ObdzhqOii03s,9906c091d37dbfe06bcd26cf572ac9e1
P00547,0EBqZ7zm6Od4,8ba4a8e020dd713205587a8ef58cec5f
P00548,Vqzm081M3lK3,ff9ed3fd52ebd2743b871c54137c386b
P00549,eK4dE@ZgdXek,77435e80dacb4daad93de3990397a734
P00550,ExKV2t!1gppl,377611811b66ed868725d6426b71a037
P00551,Dmk@m0mSBYTj,cfa2394fcf46dfb36de10030f3f10f27
P00552,AbwXw3y7j!Wf,8b1a629723d9db1db531dc9d8869c338
P00553,8bi@ZXbmYlck,19d3c19bfa5de8cc81a1733816e81f11
P00554,QIHSNZCDUV8l,7b47e9345a3dbfe72e1d0a73c8e29045
P00555,zDvYK4Gy%FC5,7252d55070327672d0f442892e7a2f7c
P00556,scsisVvuoDZM,8f7bd4a8eea213b80d941d28a8e9605e
P00557,rNmvYuAWFW41,a3a32e4aa9ed9616aa82d61bfc9b1c43
P00558,pClmlZ930XkZ,4d96f8f060861a99df25924f85a39140
P00559,2TEbIGsbY97w,3b395e02356fce30b73a173f7dc7f26c
P00560,2osAzhUdwd!R,59fefae4b85ba0115babfe8b69cc9a52
P00561,OyJgDoDpcKAB,4b93fba82d03c3850c1c2691b88250d1
P00562,d4i3!Nzq%XvR,32dfee7160f7956675a9100a978a7a13
P00563,$4X@U8LuyMT8,53f76fefd34c43208d48e24349a513af
P00564,%f37jmPYtLF0,6b205dcdeb74483ce422b819a7e59653
P00565,NAcpRr7SShIW,a5c2dfc804e2dfe9bf7806c31b8dd6b6
P00566,H0vXh6IEYo!z,e39dfe3f9b6665563ba80363867189e1
P00567,mhtOB1FvO7D!,b590527de0b4e22a5fe79701997ec2c5
P00568,9j2K9GIwiOh8,91c789a4980a2e9a0038b87b18807d87
P00569,u#fH6BrRFKZm,ce510c9a4979690f23607bc858f3a4af
P00570,JyA7@pgPQEOY,e49a4f20e6a506d5853c6acc7cc5a6f9
P00571,Bzj#%8iBMkeV,b690c608763a62a5c28f8cf43e2c53fc
P00572,5l5PWxqdEPtU,068a91424c0e0cc97a48f1a8ca0b6f5b
P00573,7iLVfnRJ1Idt,1d5e0795b8bb05b762fcc85818781e1d
P00574,LUqY!F%PKqY9,4bc1b5796a513f33c87078ca9f1e8c96
P00575,yz3b$W47MEXs,10ba73b2caa7fa202b89b76351f135e3
P00576,1hRwHQVuG!nG,65b6a246a972ebc74ad3fbc2204fc1ba
P00577,I8oIH!ztDJJv,f537394139b2d6101ff764872daadf05
P00578,qYo5IeFrT6lK,e386329a3e024b6f2e657b52080dc882
P00579,0YwmuVV6zBzg,b2e75438a1d7df612646eaabc1b3afdc
P00580,HsIWlGk!HBYo,e00cb575c0075c69c846f7224ccb6af6
P00581,pcS3k!uW3V!4,21296315d077a1468c3d2c4a955293fd
P00582,aslWp8dir!wJ,918661b73d386626ca10878fa55fdaa1
P00583,neRDrNX4q!jU,8fdf46f5da23d3ae62f6bbcf9504ae9a
P00584,WIJ!QhyQuptw,4c1133831b541b9ffa46e89d392edc05
P00585,%c5jhi0ptR%a,aa14effa1b771dfd9125dcb0fdb32730
P00586,hoS50vDmDt6a,76a553cd339b0fe95c343cca0af7363a
P00587,UPmGV80Tfjsk,cc147c94c03f0f73cf3500d1e8b7a576
P00588,UGg3Doyv1W7m,6558568762db878a1dadc13af8b5ea81
P00589,Rjf8KgYgrvst,cea483d48d85bf61133996920814e53c
P00590,8@5T7YfVGBZH,5396a405daf32e0ec14ce4c86fd3bed1
P00591,rNotJfcZb8#8,7a1db27e313aa859f59ec6c6c51edc39
P00592,MppS#83h7y$M,0759ccc06638f07d786dda6a81050292
P00593,YuPs#o6u@Foe,92e6fed5ea582ae2ed19ad28df0c4805
P00594,Jb!2gvMj!SUR,fafe8a9ae44191049b030a5d0ec5b285
P00595,8$T!Edlb3oG8,5907a0f32467b6360731db4f541a530f
P00596,GMGz6CJd$lR2,cf8cc623f10c0787605fbe902014e9e5
P00597,5ldMIGzPimcg,8a78dca35f7ec79a668f7d9f596b5e2e
P00598,xxSg9AnmH50n,d28c670bf9c0886aa0d3c23025ffa1f7
P00599,@jnS6v6M8gYw,495fa905ce4ecb28d07e0bc3d18ddabc
P00600,5mfiGGgB53eE,4781ce536725af542ce9b876220a09b3
P00601,D42E1nTd3TBO,c4832aa2b946981b488b18f23657c337
P00602,LD3tYTw@9pX8,5d14b536f53bc84aceaa07b316203da7
P00603,y%7SumDjXd6t,31803e1a07bf2f656dd7c20082d589ca
P00604,n6ZrB6#hBKmA,c2cef6cdb436588e883597d545bb6511
P00605,lde$k62tuQ9s,9dcb58664a30f96e5a8fab96fb93f5e9
P00606,fm5lD5bOdDQx,65b14ad3b2331a278611fac359746967
P00607,!h5ggEvP29Re,a5333f2f5f67eb5762d0b206f1974c53
P00608,Gp45@$2rIH$p,822bc117b048ae03b6062007b11faf8a
P00609,ehKQUnhQSdMt,f8665952e59d8d4a7dcade3094a3ae87
P00610,4SWv8OJLfwAa,a8b65924ffc065c861e27b1ad0a1e031
P00611,4pbhaJZo5VFb,360a109db27f48799a69792059928a1c
P00612,KohOMmSlxZWR,54c9dd3bd1c819decb9337fb955d07ce
P00613,mjKDO63QLu@I,f6bd4d8eb0af5bb88626bc82aaf9e423
P00614,HRyK7kW9Uq%4,6191c472dbb591e9789c6979d64eaf5e
P00615,nqfOi@kIblxO,a03d6ecb8c1e8b19bc14c1c492c0bf7a
P00616,@upPdnr7l0nA,d7aa505cc68ae5bb95ccf2d73c1cd892
P00617,5yBE6#j@zePc,cb48d03623101a9bd2137356d98b3dc1
P00618,9Ow9TuKijKul,39ac38cf2de0f0bb24051e81caf23e8f
P00619,XUobDKcAfT@1,659b2cf95bd97ece07357146fe87056d
P00620,DPNeYDluKH9V,6a5358fb8f7ad31ac8a550ce50ea0e5b
P00621,OT8Ar4aKnKlE,3ee81c6833fb6460de032fb852b0d371
P00622,Oyoxn9#@!#@6,09a6127f69ef8edac6237def168dd5d7
P00623,RYusTDKlTz6k,d053fa0d20670f4dc86e8282e0c2e864
P00624,fOxmq0NKW1Rx,94cfd084981fe0e65007f7c6c97dfd26
P00625,!$IFkgjR4NXe,daca0843c23a171aba629c49230b9fb6
P00626,Z@PjPSrFVn2V,e5aedcaca80d3622255142741692135e
P00627,jExWaqL1BVX@,7191a3b0210f058ac8f4f77df80419a9
P00628,CqmdOwbLLC7M,87c99a5eeda7ebd1167b50a6a746e51b
P00629,yMhDbGAbChjS,84576b5232d1605d7d44b0aadc5d3be6
P00630,X3Kz$W9m0sPF,ac3143a66045ca7c0f46938c0b6d6d70
P00631,aQ@thOVQzqDU,2651243eebaa1629e84c2039f254f659
P00632,F5BUzRnhgren,6aef7d6e565f0b735701731b491100c0
P00633,Y2xLR$DBM@xM,24f719fec20d68a67990852a32a2ed0b
P00634,g$BZh1lsiI4i,5b5046f140e32dab2b8ca8955b8fbd80
P00635,cpBSAsVEfiz6,d9879ea606ed7d885d4ec4ce0e78b5bf
P00636,TDIRo6MBanQ9,7f9b40440f53e32f4480eec9051dee30
P00637,VKmr6g@eunX6,89b690b5b82ede9079ab0738f48215ac
P00638,Tf@1Z4OGzLej,fe0124d0e9a22a9d161603d54203ebd7
P00639,y67GJhkyTGoy,fb35e1ac693009881e0e4d4f8f0f0798
P00640,Fa3NcY@9Owfy,e2dd20c54b4c8d2f9781986546df4348
P00641,C@%eFRYV2mfD,f07f3e3eec0e0b93f12b0eac19ecc15d
P00642,o5oSwXSUJ8RW,eb124eafffcd7d5fe39fef298074ba42
P00643,Tlu4joSXu4jM,5761bd81749d3b8957c98b678f030ab2
P00644,lUNum!2cdBIX,bc4bd85a617c4fa66a65e04d1418e260
P00645,LZtLQYGv7Zql,0f093dfc19685d0e41255348de995695
P00646,8Fyik5oIC3eJ,4d99e564a7fde890fa17f865cee170ad
P00647,jauUM32iAi$m,15d34f75464a55b86e02de5a678df4ad
P00648,LWe12%ii1ug8,e837e330fab24a2b054dd01f65aca55d
P00649,yyjnV$5wyoEB,952800b19f8233aded87e8247485cb1e
P00650,@1KqcbFKry@T,686f76be4a10fe5d4f7926cd3b51edc4
P00651,eb6MN3H%gAXW,c84f133349ee187bd02221d25c31dc74
P00652,@7N51dwUT11f,3ef3a2d5c8dbc21a6df5977b5a421f26
P00653,GuuWuDQf10Ou,c59e845da005f1d3cdc605cbc9cbfe98
P00654,mwWKkvM#iW3L,e45ccc8e763c92ab375aa4439c1c1165
P00655,fNSvxCae6Wq6,4ce8e7352b2d1208147a6c96ef2b87da
P00656,ZMRTzHVLg8yx,31b59ff2051de700dc93bc0afa29f3eb
P00657,5DPZcbd@yHU8,a7e1ab5a2bbdc03a643ad2c587a050db
P00658,fuusRxnC9Dph,056f8a7b0713f1f3404167f50550333f
P00659,mZ8%jUiLOl6S,a681b9ec16fcfb1e62db95d5187cee04
P00660,j456wsYK8cm1,4fe7bc3a7ed0325a5ee2cd4284185cce
P00661,FeovhvneArse,13f8ec6140f1eb8be7646b00523c66b7
P00662,bdHlfaNGDt9J,8965460ba56b9bb47001ba51e35785a7
P00663,92pbPu$1UlId,dfb84a389945d4874c046db18d83abc3
P00664,PU8lg4DA0vt7,50d46fdae404a92ab9784bbd57f1effd
P00665,84tnyb2QlR9m,f085af43b1a261ad8d89c9baeedfc5ab
P00666,tbdz3vM4qoGE,326bfc60fdfe699773a8abbf17e9ae7a
P00667,8XdhKb3esg8L,6ca4c584d85462705f69fd34895b9095
P00668,Kpcc5jVJZ!VK,03252126a8bb34af3360634d8fd44e02
P00669,LFXGaWZT7W#v,db67fe35f3fca6ffea066e3352aaa397
P00670,t6lFO2xK$z0!,5891d034d73e036518cf6c07f9673c30
P00671,qGUqkhtacKyX,b7eb9522ff815dd36afaaad851409a2a
P00672,rmrLaOIDMGVT,cb2712325ad155adc7ebe18547243161
P00673,#l9KOewBzSjJ,22b34c67652760eba308b0acec2c1a04
P00674,g3Yy2bB5keDF,d1b7a30ed77e63d6320670c87f8e1ba8
P00675,AMy8Fl3nZ31O,f4b7753b3d493f3108458658e8757c9c
P00676,MQW4XKmwHTPg,1312ff9c3e0d44eb32ca346811460efd
P00677,zfTAFwuEtcXP,cfcac16cac921ba232cebcb18b8dbcc0
P00678,8phyezKNw@cj,f54806e91a49c5a70fcd24e8ca20249a
P00679,oEEnJ85KYgbq,bb3a41301af57619c7d00c18693866ad
P00680,UB0qL3Lw$Naq,6ad14fa1d30b46eff85cf42b5752f836
P00681,mYbTfVPXq%S$,2b0a4d278aeaa70950872241b55bee23
P00682,4Y9W1VEgHHpp,b0985639eb02b6d2048775618277ccd4
P00683,dGe!ggu%!uLu,e6b66f1ffee448e87515931227943f24
P00684,kzm3GrED8kIg,013b47a4b37e67556946a1bde4d7086c
P00685,3PfuKdQ%Oao%,27f9c73003d802c6ad1e8f26e66d1e34
P00686,Z042AOXrxs3d,536ffc104163cdddd3fb2f6146b1bb85
P00687,lq$nsgsJ2Ws8,d146930a6c52664159e4be1bf6b2fa02
P00688,30hSmlPoOS1@,115dcc890c9cd1947540e4d99fba194d
P00689,39I9tF%%bk#U,beb4547a5d9915623b72b74fca42a1f3
P00690,G%XGus72s3Hk,a800f28ef238e3f33e070700ea8314cc
P00691,iV@Xo30GJ7My,b71361a444676d5d35c920301f8e9d89
P00692,1%TDTr2#M9id,ba7f1e3837e3900aa8357f1fb5f3fb7f
P00693,k1QHvnH4jTXf,05e08934628d024149b9a5543bd31c41
P00694,JPLCebnKIKFG,934522e7d90c7bfa67b88bdf1149b7a7
P00695,KnmG0j7d015I,0c4549e2f17aa0fc0d91faa1838b5310
P00696,@DF8Us2f8q1j,3fc5371da8a21f4719fce8adfd47d7e0
P00697,qjys9lFTb2JV,f52020bc346914d5697ac057e9cb60f5
P00698,tsOE6ebo0NN4,4daa7ef2d96224c7949ec643c231f8b5
P00699,#Pl5dhaMUc#3,123a0bc7cea21caf78b9d31b90bb34d3
P00700,$jAilZ7hi#TD,0d4d9e973143bfc0a6d787838da0df0f
P00701,BcDVk@8!zknn,b414d4c763246671c40f35a02e0bfcbc
P00702,UKtzNvyjFBIA,59a0b5ba5e879b084109bdb5b7d18c0b
P00703,z9iSnLub8G4#,6ed291d4ebdb2b0a96c72b664af67288
P00704,rf1ObWW3$#@$,b621fea8cfa182f4c02c511951703726
P00705,a9xokX$Zs#Wo,b049ebef60be5d3df18f0b8972c9578c
P00706,b@vf6@qm@SbW,ab84f00d3b4e5abd46671416d69f6668
P00707,NEuUGm6gHSei,72779ab8766272ce31fc16181d1a22dd
P00708,lcs84o!3lmbN,53f2806363ace641610e0403ca5989f5
P00709,d!IMLXnTY4!%,d0ad849c836702d0130d0b1e32ace062
P00710,j4w$wTb!mlND,b5f89e2e8139e20b68700c13f1e021a6
P00711,27DUd0m#2ygt,0fd79b47dd51c29aa387a706ee7343b5
P00712,%Tng@9EmBlXF,6b8968d092411bc10ac3838e7d8fff89
P00713,g0QRw4b1#wwX,49491d818f0221c43d44eb6049dc1769
P00714,DQYvfNTi5#Uk,83a248e12b3a630ccf557cf7380b9f56
P00715,kJNn13!hFeQM,36633d00da4e92b881b953fe39bfb1c2
P00716,Bk9BOVlWA03N,6c0b999ef7fbbfb6bb642eb6f6b43508
P00717,Voh%tkUcXv!K,c2d5ad7540a57944c9bb7d026f058f43
P00718,yo1tDv6o4Eyi,e2b7a5df1e98c86f8f318c484fed0c1b
P00719,e9c%XIGcbDax,355cdd61fa4867f0b2c8ea34b8ab11e5
P00720,BPuuTHwz5Ukb,e0f2a264df93c8cac22a2dace8e6567f
P00721,@kyGUaZa#bvP,2e91c3ea7c2bf481126b19b010a7bd82
P00722,T@0R42PgUeMi,d9f75a9b909d426c1dcd230d17b8fd09
P00723,G@@GZeslMOgh,0b9d5ea5baa6b0cdd010a91def9999b8
P00724,sNPH5ZPKTy8E,72e2bde6e81f737cda717cfbad68de3e
P00725,KkaiPgw8J1ad,b3eceea1c6fd755449f5c0234cabcace
P00726,tGcSx@kBK#mo,20ceeb9275e54027dbfaf262b73128c2
P00727,k%1zXXGBAE7M,565978293d5e3750406aef8716cfcd47
P00728,eOfILNd7KZJx,67382c3b77dd3967fcd8843466ff2b78
P00729,ufvRE9h0Yt4R,bc2b95e9dca04c754cd394328ddd78eb
P00730,eofcTs8a34!l,ed7403dc3f9d4e52c16986f9a1e1d1fd
P00731,i1CE2bEQsiZs,20931b2fd76fdd5eba5ab31f21bf7633
P00732,S9cpk1uSyPlp,302dc043a666cd992668946d7667a11c
P00733,ynkj#4HsKZUI,65b20604b4fcaee9a60a64414b036c14
P00734,umJqQsGCXWRr,3c75ea84b4971b33d18f5193d5957cc1
P00735,6hCDTDXTaEdP,1af2b6777ed1e661ca9a500a00c7a937
P00736,jHybaczLYzzJ,933120ec77960313b6a6e68c202e7de8
P00737,dL0dNLXE2NeW,eac479cd0b878d5761c96805652d257b
P00738,BLPNauONgroF,2096a9ce62e4cd41290c64a20b0e98d0
P00739,v0FjFAgFV#U%,c067020f94c80c09aed787b545588738
P00740,wrorcOGPoirY,1647f72b7ec2b5c2978af1841d181803
P00741,nAt60G%edZD2,ba2112b8738c24b39c26c696439c0cfc
P00742,21iBXtm0$@1l,46a681a403c6ae1938e337c7f6ddf6d1
P00743,J@0e5PV7LqUB,f267ab48496f76e66bc638dcc48f9728
P00744,inrSGa7aAxX1,e4bb70f958e7b52350659de9da536d8a
P00745,sd$t$nmqy2@y,742fb6feb71d843ba6e9de41ec6f1a23
P00746,ZuBrhCsA2cf!,224875cc84fce7d3643f34939ddbb08c
P00747,#KnJ3NI5m@C1,bdf42c94a5062e01af53f529bac9db45
P00748,PvhO$@61KDBh,83cc574911a3f11adf0038fc17c4cdda
P00749,PMS1C@GNG@sf,45c969d5d153a05d74e6ab10dacd3f7d
P00750,2Swc!JANam5T,cb60c8534e7b8d09abaa6794b9275b66
P00751,bjI#KBX5cqRI,9ef27d948cde5a63f861da9d05ddc4cb
P00752,s@EO8tsKUPVX,45e283a78b72c95b7283fe18325a093e
P00753,mKVO1lKEgL5U,138811eae24a037cdd7dad78235edd4f
P00754,RIQ%7wluyiEG,4f59db4bdc2d540ba12dae82ba5a2d24
P00755,y1QLCkGYZPgZ,188cd17b37b3bcf5b4edb1ad3b40dd12
P00756,mTG9Pn2@r$k1,a90507d69b7dbea77dfac43cc826941b
P00757,MvXYq9qx2Wna,fbfc2e82c831bf88e0e5161491abdee0
P00758,VPqv7DER40b2,9bc7cce9a1938c5cc51ebfc9ae67ef38
P00759,yXnpeTuyU#go,b51c23e095c0d0aab59d239bcff8d269
P00760,t5TH!W@z5oSc,8a6fb53e0f15a17ad48442cb2fbaf0f5
P00761,NzEKs6PfNNQx,0acb705b36284e57017bb5064aa835e4
P00762,DmRTwt8YZsS%,85cf858164f2a2a410e0bdf9cd4b7912
P00763,clAy3wMIZf6K,b6723c216febcda8c2a228cb08e89517
P00764,bTi$uf5QXTaj,9cc5549ebee69789e6a19eef9193c4d6
P00765,lb!W1GJUL5rP,d50b6e4c666583fdc6911ec7bb8dc4b2
P00766,OgPPQzIFeeSN,a396881fe02d4c73cbfa2a90f579e70a
P00767,u8HXGKQy7$rW,8d4070825862c5dbb91f8863577af0ed
P00768,h$1LRzD4xA18,4d0ac8bbd90c095425983a87b4ceb01b
P00769,6I2fZjp7qZzX,a248a55c955edbea576b5ef061f7a151
P00770,QJ7Cv4XWz@WI,f987d348693dbc727d558ad4f4b05802
P00771,MK4R0w8%L3QU,d898ab215c73416c4580df5f4001b315
P00772,9bvNP@WJBfil,b84aff94e9269b1ce0f1cf0cb1b231ac
P00773,uYDGkuUwk%3L,452609fc27ac392a1e593b74cae7a047
P00774,TMM9gbDOT0A0,0193285cc3812e8061d91fc2dc7698f5
P00775,ghPepkAi%x#X,4e8f596a9580fc444318a45541cec7de
P00776,ogsiyKO5uwIW,89a6ceffbbcb0a5b05382185de8da952
P00777,6IBXPITfUf2$,05d0163db450867f3446c8829884ffaf
P00778,Pi4BSYtCAd8g,eb13125eb4e07b0bfb92f12ee45edae8
P00779,4LqQbd3p%zGv,14840f3aaded29fd96985cfa071d98ac
P00780,IJ19AnnQfJwE,4fc01ef8f16e25bab04175c385c92309
P00781,xDV9R#7!0kTM,6a45bed4abcbb70dfa1d81b81f277a35
P00782,Ioi@%tS33c62,6c1dce84967de9d886e19368a1f2aed3
P00783,c5wdz6#3r5xD,dc576a99e4ed04c78ddbe7a94e1186d5
P00784,D$%ByOcH5dg@,7524856c5d45db2a9b62976874db41a9
P00785,NXBp04JCYXqQ,8f1d532e538a182347c9dc4aa6f4a3a2
P00786,gira3f9ZfOYX,4c16404e2f0025a278c92f3d7af84536
P00787,@8T32vIEnx%J,8ab392ed3495fa12ea5e334ddcc095a0
P00788,%Vxge6XutRJJ,dc5c7c1ef6ac7cb374bbbe412baca241
P00789,#Bx%vng%OOC1,2213e3128ee8e4e0a51c07ac99e78c81
P00790,9LuOIJlY1fhJ,0f81f84d4c903e622191bb5c8ac2df3e
P00791,RpdcRaai$2Tu,0089ab976d8c3a1861e197fd00c0d2b4
P00792,Jutrui2eoKy1,c56c97024a884531707415782c8c1a50
P00793,Vq%yxdhYrplh,753aa58c54fea9f2fa287cf0c8d2f216
P00794,BwJy3y3e@6Nd,47b71a9b5db46cc0efe7f2375c5aafe6
P00795,Zm1jAo2%etPK,5221aa633626375f2ed9268076f5eb04
P00796,M@v4xc$dFnqX,ddbaff339fe2e9a4ba0d93215042f743
P00797,b#jgdfK7L6Ws,7b16ade684a924d8b1a31bb585c590f7
P00798,EElY#J1D8COR,16f013ef3e2b104b8c41858557b2745e
P00799,5Agm$ipAD!st,47c2f45583d50abcd241f5d3dcd4834d
P00800,b7!iau$xstHR,e436e6623eea956568e2496ce7301334
P00801,yie9gq#lYXl6,f5e98ede1ef4a6ff840f971c29736ef4
P00802,a4ByncG8vkJK,332c025ba3026b277772b616083c770a
P00803,rPFljQ%IxWuF,a3aeba9a5639ad8e6f079ef540de429d
P00804,LDpuHILs7PDp,6661b90e7439593bf80179044d218a18
P00805,SroN1YNYAtjQ,89a9e8db6d760cbbec0f8fa7d40499d4
P00806,G!C5DgMpDSaB,1377d5e81f729a29594b4e67c77b92d5
P00807,rKGShO@VhiUy,abdb547271b50dee33c52acd9b9f7f57
P00808,hjyj#G%DvG0@,03a1bb48a95c6563cb915b0992bd2ef2
P00809,EnjdzlJ$65fx,a22abc323cc0a5f2afa07bfcd30eddc6
P00810,sS189DN%s%%b,b8a6934234329b5043533ce6dd53d536
P00811,bl2B1u2jRVLs,a3f9eabba299b28aa6959fc8dbffb696
P00812,!#aavCKIofDX,f0c7bd88de844094a91aff3eb0cff36f
P00813,9GPcsZJB3bxY,41e078101169fbb607993dc508c0e0c7
P00814,8hSnMqCGEhI!,1857bd3198b5e1a6f6c25ee0cfd8ca26
P00815,8Y!5V7477FQl,d2bde3fbc391273918eb51fa79368ab9
P00816,Sw4S4uDTCivg,34a20f602722242acd03371224a82c63
P00817,rbHkhssripCc,278a5dc8981a555a1c89398fb6aa3e92
P00818,@bE%aToSdVOM,572e1593ff6253ddb6d2916168ebd204
P00819,O!B4zP62YusT,ab47577399f5b06a690cdb6de1bffca6
P00820,pC3H7Gis%9SJ,20606c1dc53326f82ab361e4ec959759
P00821,Fd6bp0b2nFc6,b20a9870c499931e1fc04a998974140b
P00822,@vgGiTRUIJL9,bfbba292aac3b1c457c3ca8ff30c0566
P00823,n!MdHOz16Y4a,567adff2d9de6c4fa4e67f98c28542fb
P00824,0Z#F$bsUmFHm,238a8772f961680215a7adb7c512b155
P00825,qb4aS1WL74B3,4481c4882077cb23aaf9b7dd23220e87
P00826,mAmdbULEBz2Y,7a13878e0d6f01a912ab40566e49ac7c
P00827,%@SyakJOuiDE,dc29b3c430fb3247a30e07d09957a0d9
P00828,LUK%lnbrpGm5,9dbdb77c27042a9c618cd0509fa7db72
P00829,ubiKIinnTVxk,77b48f8324c1579da8c6596ff3b90e67
P00830,639jYuveWPY8,82d3dbdb89d355e9c5d9558f1a105ce9
P00831,NuK#IPyyIw!m,e70efca997d48ed59e8d6f6d60aebd4f
P00832,9Vz!EetES%U8,0682cd1bde4bb5d1ddee795101941173
P00833,TlQSG4ob%ldP,8ef03467236deb5b0c4d48d6106511c2
P00834,5J$$96Yk5#U@,ea35b4ca01fcc21eefec5f5f6941c5fa
P00835,7mWk%UfmVY%e,2f39f7c6d59f357a40860c7f3237374c
P00836,#4TI38C4u@jv,941d0e1942088bb534bcdaa710d12622
P00837,bRfchze93SAE,8f7c89daaedced44b90cee6f5a68a066
P00838,Pe0#VKB6WUIi,4a0025c2589565ea179d50d1fa33ba89
P00839,37GE6kjcXYSC,57a7ec32a7822c9ca905e8ba30b75cc1
P00840,laglFg#M3pr7,0de17cc13141e8d24323f4816bb55d01
P00841,3Ex0MoGTHWs%,5448dab2937a9466aa819a43559287e9
P00842,Txx17P0tpClS,2f337a559a25a239d1e54967ff120ccd
P00843,#YDdL$Rl1c7R,fda1c149546d601ec0981df6a7319aa7
P00844,!H0D@jwi6NEF,3a8da3d50214954080a914d32a46e2d0
P00845,MrcYWppWVlHz,7e93ff6a30a7921f4c4c6a4ae0a79cf3
P00846,pdtnVSLV5A82,36f5dfa3219e261edfc8f82ab5d3a7a1
P00847,FnhJkgN1fQRh,0eea4a366c0f96f25550a39109058a83
P00848,MQ@f58Fwy$cS,d28ade281de090a44b7d2dbdd3f4db88
P00849,DXOVh!2y9M9j,c28432e7467052922799bb9a8cdac5b5
P00850,mE9!B4Jt34H9,f2ac22cfe9ff34aa0ad5b00a3ca34338
P00851,OiVRzVoVmg5w,9739ebed27bf4d4307a9196f85a48a78
P00852,ucTA2EdU125k,72d3260c982e6c7a354bd461adb5a772
P00853,GF3pJNB3jdLn,c0e307857463836de3bc3dc840bf24ba
P00854,WmC%hZZqj7%h,b8f3f33f38b8b41cd668eeab05f06313
P00855,NpmZKuw!iKJo,09ea37785039530438fef349e376e5e1
P00856,EMQJGu@@d4!%,9bc3b0250088d306b2ef8f90fc200c84
P00857,9hb1%$l8FAJ7,f91b96608a439991cc59e99c03a5e8aa
P00858,KV!KdiY9X3l2,60de1a2ecb86c038f7c5a2387231804b
P00859,mCV4n#XZgaw$,97c9ef165dc30a0951db0daaa605da11
P00860,jj9Kg$FF5UsT,569696a9005443ae6207dbe63f997027
P00861,basaGFpPPWg2,81733d81ac81f8c462ba6f91478fe6ae
P00862,Jqvk6v@aN0Gf,fd48b834137a1d3960072837b7ee9c52
P00863,Bhdzfw#UyH06,227193307a43c039e404b90944974921
P00864,5SrPvxNj80n6,c129eb8e720a2cb0ad792f0c95721222
P00865,#Rs$IjHP7u4!,0d942a103eb708611f4fde4ccb970194
P00866,lT#Eni$NErrw,c7b6850d2158b1e3b5d0a3502a9961b9
P00867,4!SAiYWPf9I3,efa54e9473ea7b64828f1fa68ccd6a50
P00868,%nqtx@IhC400,256922cc5edb395e2af9df8aa8500bbd
P00869,wRtCXvai#ynY,27bfe673d7577d65ef6bf3386593996a
P00870,u!NRJ8LIKTnp,2cfdd941dbcf203d9bb00daca3a53a86
P00871,8aaB9@ER#TEh,bf786895d26d1b4eb752e856bdbde07c
P00872,$cHsjN#8PsAS,eeac8f4488160ab82642fdde11c96e40
P00873,rHSCX!TVuH$l,ea72c8593dabebe45580eb8787609508
P00874,BEeTN9%4i0F@,0c2e13fcbb5dbdcd6224b76cbe087231
P00875,2oyNpab@Pt3A,76abfc08a7fee1aec01f78a0ba9b49c7
P00876,k2T9M1CXQDoF,f2ea285722e0770564536f76e350744c
P00877,RzM1gWQ8KS!i,844be418cf066b943284adb73092a19e
P00878,jy#LPJBiY1DN,70529b1097ebd9422cce9a273df10434
P00879,zjuaGtAPp#1y,6275f8ff182f906699c200082957e502
P00880,RP06zL1RUKz$,d384c4680328fd15c833364b36c287b1
P00881,16!sScO%syqI,25ecca7c888b8f858072d0d6243c06b3
P00882,iR0%Q#Demtl6,919044bb2360a0a5d818263ec95f8b56
P00883,$AdKa9%Z@Clr,d6f7087e5b17641b81698b2c20a18bc4
P00884,1Pky7sMMzh6Q,ede625a8ee60c9a4925614021f77e89e
P00885,ej@3CV9mNWxb,31ee9222893cd822c9735045a572f28b
P00886,kVt8%OCs!9sL,b2e230f9b4c8eb0391cadeb10d43b117
P00887,ORzd8tBupMZk,9cf9629b633278c9ee7334caecffa094
P00888,r1E2bv%13YMA,c25720bed1d1fd3dfa26e5a51b8dc5ef
P00889,@O0hxOT#kSWC,40a1afb78633ae6e839ce48a38de3ffc
P00890,i4XIuiWx%Uwp,ea978165a7fb8f33127638972520cc1a
P00891,kJksnQBuJiy4,a1df9a1198da5b177b9a9da2a16448fb
P00892,n8IOdgnrvZnD,9a5e6920b40bfff2665df630910a22ef
P00893,3c8FfcadUgXn,d1a0bbd1f970c551302d9bf5dbb19971
P00894,jqKavm3vHa0%,9438b9d3406d1929b54bf4ab09ffb0de
P00895,wiigRLVenzn6,1f2ab183e22fec099e3e3a96874dd6ca
P00896,fibZW54nw3N9,d16f9b3218da7f55f47e2937f2d860ac
P00897,Uh@JYaLGcOds,430c61162583e9a6a1cc7ea7385b9205
P00898,jkSw4aW!dW9H,5e44304741f43d05fe7d02c7c730d3c3
P00899,sX%mKL$i978P,0a8135655d9ab1932c3da0b12ba41985
P00900,L2!tJGmAxJ0T,43ec22f274e36c0e3d1ed84773545cdc
P00901,FBviGO@b%wBu,9b2124f1d8b93c094372ca79ea0e5ebb
P00902,j9F2!6SBvc7q,1557b9be28475d97c773eb9cf53bc2fd
P00903,uOjag9Xxnm9n,8dc9c11b469cbc1520e07effd63c1c86
P00904,YYNwM8EJvqvr,f489b2cc1a39fc69c49b9654c40476ca
P00905,SKa5Yiji$szU,5a4b99e37d87ff21b82b69a5f85f5835
P00906,B7AmQHsx65Hp,186c4f78c5306f995a282b088d83d3d6
P00907,BGoZGOfWMLJH,1322759c3f4fb3bbff3fbbce5feb62ef
P00908,xZMxcfpAVoYU,b885a3def870e1d46ec94ddd6c9bb5af
P00909,PjXnt570kSUN,5e8b13ef2be4bebcefe1a79d06ab13e7
P00910,oxe%POy34QiX,308731754b3725785504102a9e492c97
P00911,KTD2HTTdrh0A,6da41ff96f887077a0baf45acbf8942b
P00912,cudmG3D8P1c4,082692a89f4a918e04422dc3f0c25a10
P00913,DU1x$kISEhKw,b2f98de92be58b16fd3cf21b8ce65ed0
P00914,QHeea2cab%xQ,5a1511e73d4a4fdbbedb90c1bde9d18d
P00915,Tlicp@r%9j%z,947b8ab92a30deea9c84e224e8abe674
P00916,MW#MHLHMlBHj,5f827e03f3cc0e2a0a95f951e6e1121b
P00917,Y#dL8f$aq8r1,49a5fb0040ddc76894996313ddd6355d
P00918,NPyQZ0La@XbO,a0f8263d82584143987091aaa31fd14f
P00919,VzdNxeL9@0Bz,201564cd6f3b5725a043c9effd186185
P00920,zNr5kZCGnYG5,7ade193e603353f5bf7f263c04adf1cd
P00921,2rkBwCdIjUya,83f9a1b069fe6acb3e8edf8102a4c48b
P00922,Q#mdP4ut3S2Y,bef10d1f76e0c585e6def4a6182e098e
P00923,6mrKg2Xe$o@m,413b82b0b227a33981225f88d176e00c
P00924,xbPSUjp0VRJE,10857379a18c4b1ade1ecc2f40eda539
P00925,yq1lzrsVGPWO,ac353779d91248138476e1805a1450c0
P00926,UmJxVA!v!5!l,79dca8ad966880ce6d4335cca40a517a
P00927,#xva$1o4Dfo2,7f8468d5c14bcc058e294193f85eafaa
P00928,AY5GMNJz#l72,67565e4304cd2d0a44fed05ffa07ed6b
P00929,7!xg6#@Ff5QL,a8c72733eefca5ce8d53d948cc8bdcd0
P00930,tE0bg0H$gNLk,36bab6c1f9f27e8f0756e07c34f05075
P00931,kx9ZBDBOH%AK,77c89476c82c40403e8cd3a4ba46b774
P00932,vO#Rj@6YnThg,312977ce380fefc3016f951e6063c2fc
P00933,RL8u2P7ISl#$,d196145987ddae95108713fdd4da49e6
P00934,B8dzoNVz#78%,dc820851b4e6247462a8f06db9cf3e6d
P00935,cfogpucDdxPx,c0769a92bce29ae2972270cac28740b8
P00936,j8X5j%KYLu7n,0450fa9bb8fc03442b4bad571fde1b09
P00937,3j62Kd3jn#C7,7198eaa2f976f2f83e8bbcf21ed5ab71
P00938,rmd1Nj8k6UO6,228769ba58992c8cb832d99194ef288b
P00939,ooOIYjnfDh0A,986a3865b8c4cc2f9b122a63000cb8c4
P00940,fPpOf57R76gQ,fcd7022000bc4d38ea636136143fa5fd
P00941,H5rrBsle8Ijr,9f7e094eca7c5f433744d3d8cabf2cc3
P00942,S3GWdNZrtV@T,795525e787979e7e79a4474b9ad41b55
P00943,uo7QVDK0xHzL,502baa224f28bf75238fdbf7cbd016c8
P00944,nnfKd7i%4YuR,1da575ffa5e4e12843429f6842eff559
P00945,6doaGnMO4XJR,18bac3ebc8a3f0bbb869b4d8f7804528
P00946,rBf!%ByIp%uM,7df28a70c7628bafa77943f770efd803
P00947,lNq8fmVlCekm,192bae360d71829200630645321d222b
P00948,wYPc#t3VT@#P,84e4b73560311abeaa3576f107d0157c
P00949,sIQQmFOjF4FC,c47f10508ca826baad281f4fa4a264fc
P00950,$aMAN%xEyiW6,095a0764ff021b23b773094a7b2ae610
P00951,DRz@8kT6Uz2e,01407c3b7ef3758eb71daf0d8947330b
P00952,K%PSy67kmXD1,04e46cb849e5821c1a5ea292bed64547
P00953,Ejxu8EclK7EO,13906100a8c50c2d2d4e8b1195fe5f81
P00954,giqtA5FsEH%T,691bc866d6e3a5b28a61b42f05e74fa8
P00955,u2xuV6Qx%VQi,1ea1088e18818beafd80fced68d9ec9e
P00956,PMFCK8Cwfn1r,a5d2b94ad2fb065aff4c7531944eb7bf
P00957,e%ELkpD!oqo8,5ee104a7d369ff1ef00200c17b26caf7
P00958,A9FNbOl$xJu9,291d09273dfa3e78c9936162ccecdb71
P00959,m36z97gEIdW9,dba561b6501527238a61c0bdab59291e
P00960,IJgiKmRBQH@P,05d08d0883a69369fa72db01c13639b1
P00961,g2BtlinJs6Ro,69e962f40b535e4b29de243919e97ebb
P00962,C3M5j6v8ts5G,1d14ed9860b497bd4360caa89eb7491b
P00963,IxJ$aNs7fn$K,d0d9fe9e4dd7cc8e03ed335e51913137
P00964,rppQV8tJ3Zil,1617cbbcf6d5fb1a20dcce2661595dd6
P00965,NOsvVwlj1GwA,747917055eb6178fe81e5cc9d3294c6a
P00966,lOEKDbPsodnG,02e7cec7cc11ce6fe550f41bb739708f
P00967,Zr@XCkF020e%,9d1219ec52e98d376978a2a373a3eceb
P00968,5QD!lEFKWRYo,b95e0fb57c3809d1714c7a307a8eefc8
P00969,K3QmgM$pZb4N,3ad67287acff316d461043005a4f35f4
P00970,tZYgDS@PIFyH,1e664388e73637b60c7ccf57be590398
P00971,8nEep0pFil7U,9c29d3ea9ec9f7319b59796700972735
P00972,s0t@B8%iK@Rp,2bd42356c6dca2328ec1846ff1d5a286
P00973,EmhE4qZwS8vE,01af2e82fc738191b8c90281e2295928
P00974,ZwQfYsa3@mnZ,3b88e81e4a60108cb303b27db592e7a0
P00975,vLl7gZrrwRuD,fdc08308c24ee0b86f41d845030db62f
P00976,NIbZqomvhU%A,0b0ff60ec8a75ccdab2d6f79d83a95c6
P00977,nGzjW6EJhKPv,290b68e570935f7cb29faf9cd9574ea1
P00978,TCNNv0!nYsZX,711f9d6b417f6b9a3227282145e08fb3
P00979,c8Hh25qfL0P4,bf79cc913633537634868ea38406c4aa
P00980,8aGHdgJ13J46,67a184387383f7d8082aad9ce4448f1c
P00981,Gv9yO1hjR7JB,cbbeff8bc8ce259651b8ae6e92608046
P00982,tZurC8aowiZ6,2bc7ae348b8a8b367e01e1e7ca06a010
P00983,oyNbMzIxFFX!,4e18178c1999958d36088107ccb20d8d
P00984,RWjaPgt%fDqu,32ccfca68682090a7a0315d68a16a828
P00985,mhq#MvL4pfWd,a8e5c1d272fe2591dda45ecf901c00c6
P00986,F7g4UPCHdQ#7,0122f722e1d06e82d7d0d74e38711e6e
P00987,slIPH0Ghu3DT,88b1888e9ef559ef7179da9fa96b7e17
P00988,T89zlFo220kS,2db398b22fae6e51db160b5989f36326
P00989,Z5EwKXOC1V4n,21522295e869ca33cfc00d691c7b32ec
P00990,9gF#EcSaA#p%,1710e62b75dd96bb1236c454fbee7b0a
P00991,RyZ3oPe@GwDn,54716507c448c5c1db02ce67733e3eec
P00992,5LRBuMTDObMb,5c1a61838add6ce2c24ae7f457a2a2fb
P00993,caZt98!vzD8e,6cd4f6dc2fb4ab897ba57bc23a2d29b5
P00994,Zeq11Wbht5m6,867e49aada286e3380771c24c5b72b7b
P00995,2@SQEFLMQTMS,45a762dc4b958d0e4d941f019d9e47a2
P00996,sheE794tRXGG,d616b9857f47c03d61b1241cf12de263
P00997,34LUU@n5yVKz,3500d56e2b100765b3902326e4c2aebb
P00998,yGMRuvXMhSAL,39b1d2f0a4ed350aa266777b6255adc0
P00999,i5$4NO1vKRH1,06b8e0145d0413ed93a4a227c9dcf510
P01000,vhLFqOP!qllH,977d590d236e0dcdf4a18fa6ae950fdd
P01001,czDI@a4FggVU,8f563135404c279d6dad580b02334156
P01002,,5d41402abc4b2a76b9719d911017c592
P01003,,c1a5298f939e87e8f962a5edfc206918
